|Royal Canin Medium Dermacomfort Dry Dog Food| 150.5
|Royal Canin Medium Dermacomfort Dry Dog Food| 385.5
|Royal Canin Medium Dermacomfort Dry Dog Food| 506.0
|Royal Canin West Highland White Terrier Adult Dry Dog Food 3KG| 178.5
|Royal Canin Mini Indoor Life Adult Dry Dog Food 1.5KG| 94.0
|Royal Canin Mini Puppy Dry Food| 326.5
|Royal Canin Mini Puppy Dry Food| 108.0
|Royal Canin Mini Puppy Dry Food| 52.5
|Royal Canin Indoor Life Puppy Dry Food 1.5KG| 101.5
|Royal Canin Babydog Milk 400G| 182.0
|Royal Canin Mini Adult Dry Dog Food| 46.5
|Royal Canin Mini Adult Dry Dog Food| 99.5
|Royal Canin Mini Adult Dry Dog Food| 305.5
|Royal Canin Beagle Adult Dry Dog Food 3KG| 174.5
|Royal Canin Bulldog Adult Dry Dog Food 12KG| 428.5
|Royal Canin Cavalier King Charles Spaniel Puppy Dry Food 1.5KG| 121.5
|Royal Canin Cavalier King Charles Spaniel Adult Dry Dog Food 1.5KG| 103.0
|Royal Canin Chihuahua Adult Dry Dog Food 1.5KG| 103.0
|Royal Canin Chihuahua Puppy Dry Food 1.5KG| 121.0
|Royal Canin Cocker Spaniel Puppy Dry Food 3KG| 182.5
|Royal Canin Cocker Spaniel Adult Dry Dog Food 3KG| 170.0
|Royal Canin Dachshund Adult Dry Dog Food 1.5KG| 106.0
|Royal Canin Dachshund Puppy Dry Food 1.5KG| 121.0
|Royal Canin Dalmatian Adult Dry Dog Food 12KG| 465.5
|Royal Canin French Bulldog Adult Dry Dog Food 3KG| 177.5
|Royal Canin German Shepherd Adult Dry Dog Food| 391.5
|Royal Canin German Shepherd Adult Dry Dog Food| 139.0
|Royal Canin Medium Dermacomfort Dry Dog Food| 150.5
|Royal Canin Medium Dermacomfort Dry Dog Food| 385.5
|Royal Canin Medium Dermacomfort Dry Dog Food| 506.0
|Royal Canin West Highland White Terrier Adult Dry Dog Food 3KG| 178.5
|Royal Canin Mini Indoor Life Adult Dry Dog Food 1.5KG| 94.0
|Royal Canin Mini Puppy Dry Food| 326.5
|Royal Canin Mini Puppy Dry Food| 108.0
|Royal Canin Mini Puppy Dry Food| 52.5
|Royal Canin Indoor Life Puppy Dry Food 1.5KG| 101.5
|Royal Canin Babydog Milk 400G| 182.0
|Royal Canin Mini Adult Dry Dog Food| 46.5
|Royal Canin Mini Adult Dry Dog Food| 99.5
|Royal Canin Mini Adult Dry Dog Food| 305.5
|Royal Canin Beagle Adult Dry Dog Food 3KG| 174.5
|Royal Canin Bulldog Adult Dry Dog Food 12KG| 428.5
|Royal Canin Cavalier King Charles Spaniel Puppy Dry Food 1.5KG| 121.5
|Royal Canin Cavalier King Charles Spaniel Adult Dry Dog Food 1.5KG| 103.0
|Royal Canin Chihuahua Adult Dry Dog Food 1.5KG| 103.0
|Royal Canin Chihuahua Puppy Dry Food 1.5KG| 121.0
|Royal Canin Cocker Spaniel Puppy Dry Food 3KG| 182.5
|Royal Canin Cocker Spaniel Adult Dry Dog Food 3KG| 170.0
|Royal Canin Dachshund Adult Dry Dog Food 1.5KG| 106.0
|Royal Canin Dachshund Puppy Dry Food 1.5KG| 121.0
|Royal Canin Dalmatian Adult Dry Dog Food 12KG| 465.5
|Royal Canin French Bulldog Adult Dry Dog Food 3KG| 177.5
|Royal Canin German Shepherd Adult Dry Dog Food| 391.5
|Royal Canin German Shepherd Adult Dry Dog Food| 139.0
